model,phenomenon,mean_delta_adj_r2,max_delta_adj_r2
bert-base-uncased,negation,0.008068298366990323,0.020050759845874
bert-base-uncased,role_reversal,0.0059330777994786,0.0210950418975142
gpt2,negation,0.006321029418364456,0.0299618870887191
gpt2,role_reversal,0.01827526409102431,0.0371320230462706
roberta-base,negation,0.018016952452409765,0.0374328522883048
roberta-base,role_reversal,0.011777011951109593,0.0352266344677605
