model,phenomenon,condition,n,accuracy,yes_rate,mean_margin_yes_minus_no,median_margin_yes_minus_no
gpt2,negation,counterfactual,1500,0.938,0.062,-0.44680969524383546,-0.4451446533203125
gpt2,negation,identity_control,1500,0.21866666666666668,0.21866666666666668,-0.2346239554087321,-0.23339080810546875
gpt2,role_reversal,counterfactual,1500,0.976,0.024,-0.5579045877456665,-0.5543136596679688
gpt2,role_reversal,identity_control,1500,0.03933333333333333,0.03933333333333333,-0.44266792583465575,-0.43605804443359375
