phenomenon,metric,mean_raw_spearman,mean_surface_controlled_spearman,positive_surface_cells,cells
negation,delta_cos,0.011755882619659356,-0.01725530444219751,13,39
negation,delta_frob,0.017895449611568703,-0.010689991110381058,15,39
negation,delta_l2,-0.006811105444905026,-0.030173802520059852,10,39
negation,delta_token_aligned,-0.07050244078100396,-0.058116541747065875,4,39
role_reversal,delta_cos,0.2876984917824876,0.23815089761730263,39,39
role_reversal,delta_frob,0.2930363395428643,0.2409707198494172,39,39
role_reversal,delta_l2,0.2947184542400476,0.24365021519424834,39,39
role_reversal,delta_token_aligned,0.14467817241184458,0.11608693570081907,34,39
